subject_id,model_name,attack,norm,eps_z,smooth,adv_acc_mean,adv_acc_std,adv_acc_n,adv_acc_ci95_lo,adv_acc_ci95_hi,asr_mean,asr_std,asr_n,asr_ci95_lo,asr_ci95_hi,spearman_ig_mean,spearman_ig_std,spearman_ig_n,spearman_ig_ci95_lo,spearman_ig_ci95_hi,roi_share_clean_ig_mean,roi_share_clean_ig_std,roi_share_clean_ig_n,roi_share_clean_ig_ci95_lo,roi_share_clean_ig_ci95_hi,roi_share_adv_ig_mean,roi_share_adv_ig_std,roi_share_adv_ig_n,roi_share_adv_ig_ci95_lo,roi_share_adv_ig_ci95_hi,adv_acc_worst,asr_worst,spearman_ig_worst,roi_share_clean_ig_worst,roi_share_adv_ig_worst
1,CTNet,DeepFool_L2,L2,,,0.09722222238779069,0.023804359723047352,5,0.06766520591939101,0.12677923885619036,0.9027777776122093,0.02380435972304735,5,0.8732207611438096,0.932334794080609,0.9372406126482214,0.02801367597108535,5,0.9024570397375788,0.972024185558864,0.13824231988129804,0.011135583467876378,5,0.1244156667902429,0.1520689729723532,0.13770485075596942,0.012864819468494975,5,0.12173106757854829,0.15367863393339054,0.0798611119389534,0.9201388880610466,0.8986977696216827,0.1264728531210077,0.1238289066992533
1,CTNet,FGSM,Linf,0.0363886628571174,0.0,0.11527777668088672,0.11875304448369822,5,-0.03217360333161175,0.2627291566933852,0.8847222233191132,0.11875304448369821,5,0.7372708433066147,1.0321736033316116,0.9040266798418974,0.040521269296519745,5,0.8537128785948892,0.9543404810889057,0.13824231988129804,0.011135583467876378,5,0.1244156667902429,0.1520689729723532,0.1378587361912221,0.014212811390333405,5,0.1202111999745847,0.15550627240785952,0.0138888889923691,0.9861111110076308,0.8497494353472616,0.1264728531210077,0.1218838552083109
1,CTNet,FGSM,Linf,0.0727773257142349,0.0,0.03680555522441864,0.050532465404171986,5,-0.025938787808419045,0.09954989825725633,0.9631944447755814,0.050532465404171986,5,0.9004501017427436,1.025938787808419,0.9040266798418974,0.040521269296519745,5,0.8537128785948892,0.9543404810889057,0.13824231988129804,0.011135583467876378,5,0.1244156667902429,0.1520689729723532,0.1378587361912221,0.014212811390333405,5,0.1202111999745847,0.15550627240785952,0.0,1.0,0.8497494353472616,0.1264728531210077,0.1218838552083109
1,CTNet,FGSM,Linf,0.1455546514284699,0.0,0.0,0.0,5,0.0,0.0,1.0,0.0,5,1.0,1.0,0.9040266798418974,0.040521269296519745,5,0.8537128785948892,0.9543404810889057,0.13824231988129804,0.011135583467876378,5,0.1244156667902429,0.1520689729723532,0.1378587361912221,0.014212811390333405,5,0.1202111999745847,0.15550627240785952,0.0,1.0,0.8497494353472616,0.1264728531210077,0.1218838552083109
1,CTNet,FGSM,Linf,0.2911093028569398,0.0,0.0,0.0,5,0.0,0.0,1.0,0.0,5,1.0,1.0,0.9040266798418974,0.040521269296519745,5,0.8537128785948892,0.9543404810889057,0.13824231988129804,0.011135583467876378,5,0.1244156667902429,0.1520689729723532,0.1378587361912221,0.014212811390333405,5,0.1202111999745847,0.15550627240785952,0.0,1.0,0.8497494353472616,0.1264728531210077,0.1218838552083109
1,CTNet,FGSM_LP,Linf,0.0363886628571174,1.0,0.5590277791023255,0.03419743317757696,5,0.5165660574947492,0.6014895007099018,0.44097222089767457,0.034197433177576966,5,0.39851049929009824,0.4834339425052509,0.998134881422925,0.0004493777471244108,5,0.9975769052527267,0.9986928575931232,0.13824231988129804,0.011135583467876378,5,0.1244156667902429,0.1520689729723532,0.13826193052853925,0.011281845912873926,5,0.12425366862524138,0.1522701924318371,0.5069444179534912,0.4930555820465088,0.9975914031620554,0.1264728531210077,0.1262521973043942
1,CTNet,FGSM_LP,Linf,0.0727773257142349,1.0,0.3409722238779068,0.0646523701033436,5,0.2606957035220395,0.4212487442337741,0.6590277761220932,0.0646523701033436,5,0.5787512557662259,0.7393042964779605,0.998134881422925,0.0004493777471244108,5,0.9975769052527267,0.9986928575931232,0.13824231988129804,0.011135583467876378,5,0.1244156667902429,0.1520689729723532,0.13826193052853925,0.011281845912873926,5,0.12425366862524138,0.1522701924318371,0.2395833283662796,0.7604166716337204,0.9975914031620554,0.1264728531210077,0.1262521973043942
1,CTNet,FGSM_LP,Linf,0.1455546514284699,1.0,0.029166667163372018,0.021063543149193217,5,0.0030128239604072134,0.055320510366336825,0.970833332836628,0.02106354314919323,5,0.9446794896336632,0.9969871760395927,0.998134881422925,0.0004493777471244108,5,0.9975769052527267,0.9986928575931232,0.13824231988129804,0.011135583467876378,5,0.1244156667902429,0.1520689729723532,0.13826193052853925,0.011281845912873926,5,0.12425366862524138,0.1522701924318371,0.0,1.0,0.9975914031620554,0.1264728531210077,0.1262521973043942
1,CTNet,FGSM_LP,Linf,0.2911093028569398,1.0,0.0,0.0,5,0.0,0.0,1.0,0.0,5,1.0,1.0,0.998134881422925,0.0004493777471244108,5,0.9975769052527267,0.9986928575931232,0.13824231988129804,0.011135583467876378,5,0.1244156667902429,0.1520689729723532,0.13826193052853925,0.011281845912873926,5,0.12425366862524138,0.1522701924318371,0.0,1.0,0.9975914031620554,0.1264728531210077,0.1262521973043942
1,CTNet,PGD,Linf,0.0363886628571174,0.0,0.09791666716337204,0.1265671440514387,5,-0.05923719896076941,0.2550705332875135,0.902083332836628,0.1265671440514387,5,0.7449294667124866,1.0592371989607694,0.9023309570863921,0.04167319794942417,5,0.8505868475025731,0.9540750666702111,0.13824231988129804,0.011135583467876378,5,0.1244156667902429,0.1520689729723532,0.13785844865122515,0.013850132976998025,5,0.12066123716335195,0.15505566013909836,0.0,1.0,0.8495112224731791,0.1264728531210077,0.1225639690407469
1,CTNet,PGD,Linf,0.0727773257142349,0.0,0.0027777778450399403,0.004527224024447395,5,-0.002843513237919559,0.00839906892799944,0.99722222215496,0.00452722402444746,5,0.9916009310720004,1.0028435132379196,0.9023309570863921,0.04167319794942417,5,0.8505868475025731,0.9540750666702111,0.13824231988129804,0.011135583467876378,5,0.1244156667902429,0.1520689729723532,0.13785844865122515,0.013850132976998025,5,0.12066123716335195,0.15505566013909836,0.0,1.0,0.8495112224731791,0.1264728531210077,0.1225639690407469
1,CTNet,PGD,Linf,0.1455546514284699,0.0,0.0,0.0,5,0.0,0.0,1.0,0.0,5,1.0,1.0,0.9023309570863921,0.04167319794942417,5,0.8505868475025731,0.9540750666702111,0.13824231988129804,0.011135583467876378,5,0.1244156667902429,0.1520689729723532,0.13785844865122515,0.013850132976998025,5,0.12066123716335195,0.15505566013909836,0.0,1.0,0.8495112224731791,0.1264728531210077,0.1225639690407469
1,CTNet,PGD,Linf,0.2911093028569398,0.0,0.0,0.0,5,0.0,0.0,1.0,0.0,5,1.0,1.0,0.9023309570863921,0.04167319794942417,5,0.8505868475025731,0.9540750666702111,0.13824231988129804,0.011135583467876378,5,0.1244156667902429,0.1520689729723532,0.13785844865122515,0.013850132976998025,5,0.12066123716335195,0.15505566013909836,0.0,1.0,0.8495112224731791,0.1264728531210077,0.1225639690407469
1,CTNet,PGD_LP,Linf,0.0363886628571174,1.0,0.5916666507720947,0.029009169601150478,5,0.555647009260559,0.6276862922836304,0.40833334922790526,0.029009169601150478,5,0.3723137077163696,0.4443529907394409,0.9980554771315642,0.00043296895523483095,5,0.9975178751675092,0.9985930790956191,0.13824231988129804,0.011135583467876378,5,0.1244156667902429,0.1520689729723532,0.13827187968204172,0.011253865396344893,5,0.12429836017876911,0.15224539918531432,0.5520833134651184,0.4479166865348816,0.997644339356296,0.1264728531210077,0.1262984266056273
1,CTNet,PGD_LP,Linf,0.0727773257142349,1.0,0.4326388895511627,0.04531217029046845,5,0.3763763990210097,0.4889013800813157,0.5673611104488373,0.04531217029046845,5,0.5110986199186843,0.6236236009789903,0.9980554771315642,0.00043296895523483095,5,0.9975178751675092,0.9985930790956191,0.13824231988129804,0.011135583467876378,5,0.1244156667902429,0.1520689729723532,0.13827187968204172,0.011253865396344893,5,0.12429836017876911,0.15224539918531432,0.3680555522441864,0.6319444477558136,0.997644339356296,0.1264728531210077,0.1262984266056273
1,CTNet,PGD_LP,Linf,0.1455546514284699,1.0,0.0874999988824129,0.06261563191906866,5,0.009752423003726723,0.16524757476109908,0.9125000011175871,0.06261563191906863,5,0.8347524252389009,0.9902475769962733,0.9980554771315642,0.00043296895523483095,5,0.9975178751675092,0.9985930790956191,0.13824231988129804,0.011135583467876378,5,0.1244156667902429,0.1520689729723532,0.13827187968204172,0.011253865396344893,5,0.12429836017876911,0.15224539918531432,0.020833333954215,0.979166666045785,0.997644339356296,0.1264728531210077,0.1262984266056273
1,CTNet,PGD_LP,Linf,0.2911093028569398,1.0,0.0,0.0,5,0.0,0.0,1.0,0.0,5,1.0,1.0,0.9980554771315642,0.00043296895523483095,5,0.9975178751675092,0.9985930790956191,0.13824231988129804,0.011135583467876378,5,0.1244156667902429,0.1520689729723532,0.13827187968204172,0.011253865396344893,5,0.12429836017876911,0.15224539918531432,0.0,1.0,0.997644339356296,0.1264728531210077,0.1262984266056273
1,DeepConvNet,DeepFool_L2,L2,,,0.1284722238779068,0.05700158240641073,5,0.05769541116322138,0.19924903659259222,0.8715277761220932,0.05700158240641073,5,0.8007509634074078,0.9423045888367786,0.9751217532467533,0.005555622831411181,5,0.9682235363893912,0.9820199701041155,0.166337379476778,0.01080610188807992,5,0.15291983180142743,0.1797549271521286,0.1657094267390119,0.010659548108279036,5,0.15247384961584076,0.17894500386218304,0.0902777761220932,0.9097222238779068,0.9682647515527952,0.1554775763868554,0.1549294521507897
1,DeepConvNet,FGSM,Linf,0.0363886628571174,0.0,0.22986111044883728,0.06295168173210718,5,0.1516962736156981,0.30802594728197646,0.7701388895511627,0.06295168173210718,5,0.6919740527180235,0.848303726384302,0.9634069734613215,0.01033900551669206,5,0.9505694025340149,0.9762445443886282,0.166337379476778,0.01080610188807992,5,0.15291983180142743,0.1797549271521286,0.16396140477613041,0.010781866448957879,5,0.15057394937301832,0.1773488601792425,0.15625,0.84375,0.9499400056465276,0.1554775763868554,0.1526285675808921
1,DeepConvNet,FGSM,Linf,0.0727773257142349,0.0,0.12499999850988389,0.058463396557717796,5,0.05240810379145569,0.19759189322831208,0.8750000014901161,0.058463396557717796,5,0.802408106771688,0.9475918962085443,0.9634069734613215,0.01033900551669206,5,0.9505694025340149,0.9762445443886282,0.166337379476778,0.01080610188807992,5,0.15291983180142743,0.1797549271521286,0.16396140477613041,0.010781866448957879,5,0.15057394937301832,0.1773488601792425,0.0798611119389534,0.9201388880610466,0.9499400056465276,0.1554775763868554,0.1526285675808921
1,DeepConvNet,FGSM,Linf,0.1455546514284699,0.0,0.05277777761220932,0.012615209364420277,5,0.037113926314605646,0.06844162890981301,0.9472222223877906,0.012615209364420277,5,0.9315583710901869,0.9628860736853944,0.9634069734613215,0.01033900551669206,5,0.9505694025340149,0.9762445443886282,0.166337379476778,0.01080610188807992,5,0.15291983180142743,0.1797549271521286,0.16396140477613041,0.010781866448957879,5,0.15057394937301832,0.1773488601792425,0.0347222238779068,0.9652777761220932,0.9499400056465276,0.1554775763868554,0.1526285675808921
1,DeepConvNet,FGSM,Linf,0.2911093028569398,0.0,0.045833332929760204,0.02792927294489524,5,0.0111545602180773,0.08051210564144311,0.9541666670702398,0.027929272944895212,5,0.9194878943585569,0.9888454397819226,0.9634069734613215,0.01033900551669206,5,0.9505694025340149,0.9762445443886282,0.166337379476778,0.01080610188807992,5,0.15291983180142743,0.1797549271521286,0.16396140477613041,0.010781866448957879,5,0.15057394937301832,0.1773488601792425,0.0069444444961845,0.9930555555038154,0.9499400056465276,0.1554775763868554,0.1526285675808921
1,DeepConvNet,FGSM_LP,Linf,0.0363886628571174,1.0,0.5624999880790711,0.013888884335761397,5,0.54525466042414,0.5797453157340022,0.43750001192092897,0.013888884335761397,5,0.4202546842659978,0.4547453395758601,0.9987101214003389,0.00019938128641469098,5,0.9984625568350822,0.9989576859655955,0.166337379476778,0.01080610188807992,5,0.15291983180142743,0.1797549271521286,0.16626899615335083,0.010819802300480744,5,0.1528344371691616,0.17970355513754008,0.5451388955116272,0.4548611044883728,0.9983942687747036,0.1554775763868554,0.1554441732514648
1,DeepConvNet,FGSM_LP,Linf,0.0727773257142349,1.0,0.5055555641651154,0.014649323997836581,5,0.4873660259589792,0.5237451023712515,0.4944444358348846,0.014649323997836581,5,0.47625489762874845,0.5126339740410207,0.9987101214003389,0.00019938128641469098,5,0.9984625568350822,0.9989576859655955,0.166337379476778,0.01080610188807992,5,0.15291983180142743,0.1797549271521286,0.16626899615335083,0.010819802300480744,5,0.1528344371691616,0.17970355513754008,0.4895833432674408,0.5104166567325592,0.9983942687747036,0.1554775763868554,0.1554441732514648
1,DeepConvNet,FGSM_LP,Linf,0.1455546514284699,1.0,0.3520833313465118,0.028058475644640694,5,0.31724413229408427,0.38692253039893937,0.6479166686534882,0.028058475644640694,5,0.6130774696010606,0.6827558677059158,0.9987101214003389,0.00019938128641469098,5,0.9984625568350822,0.9989576859655955,0.166337379476778,0.01080610188807992,5,0.15291983180142743,0.1797549271521286,0.16626899615335083,0.010819802300480744,5,0.1528344371691616,0.17970355513754008,0.3229166567325592,0.6770833432674408,0.9983942687747036,0.1554775763868554,0.1554441732514648
1,DeepConvNet,FGSM_LP,Linf,0.2911093028569398,1.0,0.06597222238779069,0.019794712368365996,5,0.041393840685191814,0.09055060409038956,0.9340277776122093,0.019794712368365965,5,0.9094493959096105,0.9586061593148082,0.9987101214003389,0.00019938128641469098,5,0.9984625568350822,0.9989576859655955,0.166337379476778,0.01080610188807992,5,0.15291983180142743,0.1797549271521286,0.16626899615335083,0.010819802300480744,5,0.1528344371691616,0.17970355513754008,0.0486111119389534,0.9513888880610466,0.9983942687747036,0.1554775763868554,0.1554441732514648
1,DeepConvNet,PGD,Linf,0.0363886628571174,0.0,0.15833333283662795,0.07874369405219644,5,0.060560122846443576,0.25610654282681233,0.841666667163372,0.07874369405219644,5,0.7438934571731877,0.9394398771535564,0.9613971626199888,0.010401804271436343,5,0.948481616739784,0.9743127085001935,0.166337379476778,0.01080610188807992,5,0.15291983180142743,0.1797549271521286,0.16404931878566592,0.010869700966167696,5,0.1505528024247348,0.17754583514659705,0.0833333358168602,0.9166666641831398,0.9479813664596276,0.1554775763868554,0.1525976102223463
1,DeepConvNet,PGD,Linf,0.0727773257142349,0.0,0.02222222196869548,0.03824176284846718,5,-0.025261198188092533,0.0697056421254835,0.9777777780313045,0.03824176284846713,5,0.9302943578745165,1.0252611981880924,0.9613971626199888,0.010401804271436343,5,0.948481616739784,0.9743127085001935,0.166337379476778,0.01080610188807992,5,0.15291983180142743,0.1797549271521286,0.16404931878566592,0.010869700966167696,5,0.1505528024247348,0.17754583514659705,0.0,1.0,0.9479813664596276,0.1554775763868554,0.1525976102223463
1,DeepConvNet,PGD,Linf,0.1455546514284699,0.0,0.0,0.0,5,0.0,0.0,1.0,0.0,5,1.0,1.0,0.9613971626199888,0.010401804271436343,5,0.948481616739784,0.9743127085001935,0.166337379476778,0.01080610188807992,5,0.15291983180142743,0.1797549271521286,0.16404931878566592,0.010869700966167696,5,0.1505528024247348,0.17754583514659705,0.0,1.0,0.9479813664596276,0.1554775763868554,0.1525976102223463
1,DeepConvNet,PGD,Linf,0.2911093028569398,0.0,0.0,0.0,5,0.0,0.0,1.0,0.0,5,1.0,1.0,0.9613971626199888,0.010401804271436343,5,0.948481616739784,0.9743127085001935,0.166337379476778,0.01080610188807992,5,0.15291983180142743,0.1797549271521286,0.16404931878566592,0.010869700966167696,5,0.1505528024247348,0.17754583514659705,0.0,1.0,0.9479813664596276,0.1554775763868554,0.1525976102223463
1,DeepConvNet,PGD_LP,Linf,0.0363886628571174,1.0,0.5701388835906982,0.014189451532923439,5,0.5525203524680099,0.5877574147133865,0.42986111640930175,0.014189451532923439,5,0.41224258528661345,0.44747964753199004,0.9987983483907398,0.00021021364945793735,5,0.9985373336702769,0.9990593631112027,0.166337379476778,0.01080610188807992,5,0.15291983180142743,0.1797549271521286,0.16626601469524285,0.010833296390101096,5,0.1528147005857835,0.1797173288047022,0.5520833134651184,0.4479166865348816,0.998429559570864,0.1554775763868554,0.1554262918304096
1,DeepConvNet,PGD_LP,Linf,0.0727773257142349,1.0,0.5319444537162781,0.01237398108242665,5,0.5165801268917745,0.5473087805407817,0.4680555462837219,0.01237398108242665,5,0.4526912194592183,0.48341987310822554,0.9987983483907398,0.00021021364945793735,5,0.9985373336702769,0.9990593631112027,0.166337379476778,0.01080610188807992,5,0.15291983180142743,0.1797549271521286,0.16626601469524285,0.010833296390101096,5,0.1528147005857835,0.1797173288047022,0.5138888955116272,0.4861111044883728,0.998429559570864,0.1554775763868554,0.1554262918304096
1,DeepConvNet,PGD_LP,Linf,0.1455546514284699,1.0,0.41597222685813906,0.028988374793376254,5,0.3799784055107662,0.4519660482055119,0.5840277731418609,0.028988374793376254,5,0.5480339517944881,0.6200215944892338,0.9987983483907398,0.00021021364945793735,5,0.9985373336702769,0.9990593631112027,0.166337379476778,0.01080610188807992,5,0.15291983180142743,0.1797549271521286,0.16626601469524285,0.010833296390101096,5,0.1528147005857835,0.1797173288047022,0.3819444477558136,0.6180555522441864,0.998429559570864,0.1554775763868554,0.1554262918304096
1,DeepConvNet,PGD_LP,Linf,0.2911093028569398,1.0,0.11458333283662796,0.015528251000693482,5,0.09530246261399525,0.13386420305926067,0.8854166671633721,0.015528251000693482,5,0.8661357969407394,0.9046975373860048,0.9987983483907398,0.00021021364945793735,5,0.9985373336702769,0.9990593631112027,0.166337379476778,0.01080610188807992,5,0.15291983180142743,0.1797549271521286,0.16626601469524285,0.010833296390101096,5,0.1528147005857835,0.1797173288047022,0.09375,0.90625,0.998429559570864,0.1554775763868554,0.1554262918304096
1,EEGNet,DeepFool_L2,L2,,,0.09722222238779069,0.01701034594294235,5,0.07610108823344766,0.11834335654213371,0.9027777776122093,0.01701034594294235,5,0.8816566434578663,0.9238989117665524,0.9484577922077924,0.02361466227485184,5,0.9191363162313682,0.9777792681842166,0.12086707510097028,0.019534143828478723,5,0.09661223197341395,0.1451219182285266,0.12032295763054131,0.01689216650619057,5,0.09934856262814099,0.14129735263294163,0.0763888880610466,0.9236111119389534,0.9106084133258048,0.0909837083301308,0.0959570467351132
1,EEGNet,FGSM,Linf,0.0363886628571174,0.0,0.041666666464880084,0.034460820935403924,5,-0.0011220942391576144,0.08445542716891778,0.9583333335351198,0.03446082093540385,5,0.9155445728310823,1.0011220942391574,0.9168142998306041,0.03609848234120747,5,0.8719921139177325,0.9616364857434758,0.12086707510097028,0.019534143828478723,5,0.09661223197341395,0.1451219182285266,0.11967952140007561,0.015684933417543623,5,0.10020410426128853,0.13915493853886268,0.0034722222480922,0.9965277777519076,0.8572487295313382,0.0909837083301308,0.0977463187595412
1,EEGNet,FGSM,Linf,0.0727773257142349,0.0,0.00069444444961844,0.0015528249959442597,5,-0.001233642443356457,0.0026225313425933374,0.9993055555503816,0.0015528249959443513,5,0.9973774686574066,1.0012336424433566,0.9168142998306041,0.03609848234120747,5,0.8719921139177325,0.9616364857434758,0.12086707510097028,0.019534143828478723,5,0.09661223197341395,0.1451219182285266,0.11967952140007561,0.015684933417543623,5,0.10020410426128853,0.13915493853886268,0.0,1.0,0.8572487295313382,0.0909837083301308,0.0977463187595412
1,EEGNet,FGSM,Linf,0.1455546514284699,0.0,0.0,0.0,5,0.0,0.0,1.0,0.0,5,1.0,1.0,0.9168142998306041,0.03609848234120747,5,0.8719921139177325,0.9616364857434758,0.12086707510097028,0.019534143828478723,5,0.09661223197341395,0.1451219182285266,0.11967952140007561,0.015684933417543623,5,0.10020410426128853,0.13915493853886268,0.0,1.0,0.8572487295313382,0.0909837083301308,0.0977463187595412
1,EEGNet,FGSM,Linf,0.2911093028569398,0.0,0.0,0.0,5,0.0,0.0,1.0,0.0,5,1.0,1.0,0.9168142998306041,0.03609848234120747,5,0.8719921139177325,0.9616364857434758,0.12086707510097028,0.019534143828478723,5,0.09661223197341395,0.1451219182285266,0.11967952140007561,0.015684933417543623,5,0.10020410426128853,0.13915493853886268,0.0,1.0,0.8572487295313382,0.0909837083301308,0.0977463187595412
1,EEGNet,FGSM_LP,Linf,0.0363886628571174,1.0,0.50972221493721,0.03992300587039333,5,0.46015125584786504,0.5592931740265551,0.4902777850627899,0.03992300587039333,5,0.4407068259734449,0.5398487441521349,0.9976161067193676,0.001306465679004751,5,0.9959939153208586,0.9992382981178767,0.12086707510097028,0.019534143828478723,5,0.09661223197341395,0.1451219182285266,0.12086635986526022,0.01928007086581365,5,0.09692698998836208,0.14480572974215836,0.4548611044883728,0.5451388955116272,0.9955798277809148,0.0909837083301308,0.0913963762210366
1,EEGNet,FGSM_LP,Linf,0.0727773257142349,1.0,0.19444444477558137,0.05196746658144577,5,0.1299183124435428,0.25897057710761995,0.8055555552244187,0.05196746658144577,5,0.7410294228923802,0.8700816875564572,0.9976161067193676,0.001306465679004751,5,0.9959939153208586,0.9992382981178767,0.12086707510097028,0.019534143828478723,5,0.09661223197341395,0.1451219182285266,0.12086635986526022,0.01928007086581365,5,0.09692698998836208,0.14480572974215836,0.125,0.875,0.9955798277809148,0.0909837083301308,0.0913963762210366
1,EEGNet,FGSM_LP,Linf,0.1455546514284699,1.0,0.0048611111938952805,0.003958942559439706,5,-5.4565253117677334e-05,0.009776787640908238,0.9951388888061047,0.003958942559439729,5,0.9902232123590917,1.0000545652531176,0.9976161067193676,0.001306465679004751,5,0.9959939153208586,0.9992382981178767,0.12086707510097028,0.019534143828478723,5,0.09661223197341395,0.1451219182285266,0.12086635986526022,0.01928007086581365,5,0.09692698998836208,0.14480572974215836,0.0,1.0,0.9955798277809148,0.0909837083301308,0.0913963762210366
1,EEGNet,FGSM_LP,Linf,0.2911093028569398,1.0,0.0,0.0,5,0.0,0.0,1.0,0.0,5,1.0,1.0,0.9976161067193676,0.001306465679004751,5,0.9959939153208586,0.9992382981178767,0.12086707510097028,0.019534143828478723,5,0.09661223197341395,0.1451219182285266,0.12086635986526022,0.01928007086581365,5,0.09692698998836208,0.14480572974215836,0.0,1.0,0.9955798277809148,0.0909837083301308,0.0913963762210366
1,EEGNet,PGD,Linf,0.0363886628571174,0.0,0.006250000186264501,0.009316950183915847,5,-0.005318521430161767,0.01781852180269077,0.9937499998137355,0.00931695018391588,5,0.9821814781973092,1.0053185214301619,0.9143880575945795,0.03767476150681001,5,0.8676086625906605,0.9611674525984986,0.12086707510097028,0.019534143828478723,5,0.09661223197341395,0.1451219182285266,0.11985064977342938,0.015308586382780024,5,0.100842529198539,0.13885877034831975,0.0,1.0,0.8524756493506493,0.0909837083301308,0.0988605971062607
1,EEGNet,PGD,Linf,0.0727773257142349,0.0,0.0,0.0,5,0.0,0.0,1.0,0.0,5,1.0,1.0,0.9143880575945795,0.03767476150681001,5,0.8676086625906605,0.9611674525984986,0.12086707510097028,0.019534143828478723,5,0.09661223197341395,0.1451219182285266,0.11985064977342938,0.015308586382780024,5,0.100842529198539,0.13885877034831975,0.0,1.0,0.8524756493506493,0.0909837083301308,0.0988605971062607
1,EEGNet,PGD,Linf,0.1455546514284699,0.0,0.0,0.0,5,0.0,0.0,1.0,0.0,5,1.0,1.0,0.9143880575945795,0.03767476150681001,5,0.8676086625906605,0.9611674525984986,0.12086707510097028,0.019534143828478723,5,0.09661223197341395,0.1451219182285266,0.11985064977342938,0.015308586382780024,5,0.100842529198539,0.13885877034831975,0.0,1.0,0.8524756493506493,0.0909837083301308,0.0988605971062607
1,EEGNet,PGD,Linf,0.2911093028569398,0.0,0.0,0.0,5,0.0,0.0,1.0,0.0,5,1.0,1.0,0.9143880575945795,0.03767476150681001,5,0.8676086625906605,0.9611674525984986,0.12086707510097028,0.019534143828478723,5,0.09661223197341395,0.1451219182285266,0.11985064977342938,0.015308586382780024,5,0.100842529198539,0.13885877034831975,0.0,1.0,0.8524756493506493,0.0909837083301308,0.0988605971062607
1,EEGNet,PGD_LP,Linf,0.0363886628571174,1.0,0.5666666746139526,0.026375185682673642,5,0.5339175561058374,0.5994157931220678,0.43333332538604735,0.026375185682673646,5,0.40058420687793206,0.46608244389416265,0.997564935064935,0.0012262123447823983,5,0.9960423913422657,0.9990874787876044,0.12086707510097028,0.019534143828478723,5,0.09661223197341395,0.1451219182285266,0.12089750201614047,0.01916066087559319,5,0.09710639922512494,0.14468860480715598,0.5277777910232544,0.4722222089767456,0.995800395256917,0.0909837083301308,0.0916731705704387
1,EEGNet,PGD_LP,Linf,0.0727773257142349,1.0,0.32152777910232544,0.03140395086163966,5,0.2825346239160673,0.36052093428858356,0.6784722208976746,0.03140395086163966,5,0.6394790657114164,0.7174653760839327,0.997564935064935,0.0012262123447823983,5,0.9960423913422657,0.9990874787876044,0.12086707510097028,0.019534143828478723,5,0.09661223197341395,0.1451219182285266,0.12089750201614047,0.01916066087559319,5,0.09710639922512494,0.14468860480715598,0.2916666567325592,0.7083333432674408,0.995800395256917,0.0909837083301308,0.0916731705704387
1,EEGNet,PGD_LP,Linf,0.1455546514284699,1.0,0.02152777835726734,0.0015528248918192944,5,0.019599691593580666,0.023455865120954017,0.9784722216427326,0.001552824891819322,5,0.9765441348790459,0.9804003084064193,0.997564935064935,0.0012262123447823983,5,0.9960423913422657,0.9990874787876044,0.12086707510097028,0.019534143828478723,5,0.09661223197341395,0.1451219182285266,0.12089750201614047,0.01916066087559319,5,0.09710639922512494,0.14468860480715598,0.020833333954215,0.979166666045785,0.995800395256917,0.0909837083301308,0.0916731705704387
1,EEGNet,PGD_LP,Linf,0.2911093028569398,1.0,0.0,0.0,5,0.0,0.0,1.0,0.0,5,1.0,1.0,0.997564935064935,0.0012262123447823983,5,0.9960423913422657,0.9990874787876044,0.12086707510097028,0.019534143828478723,5,0.09661223197341395,0.1451219182285266,0.12089750201614047,0.01916066087559319,5,0.09710639922512494,0.14468860480715598,0.0,1.0,0.995800395256917,0.0909837083301308,0.0916731705704387
1,Mamba,DeepFool_L2,L2,,,0.12291666865348816,0.03159531328578197,5,0.08368590563456355,0.16214743167241277,0.8770833313465118,0.03159531328578197,5,0.8378525683275873,0.9163140943654364,0.8895239271597968,0.016096253849029813,5,0.8695377882495077,0.9095100660700859,0.16719446871991825,0.015180743014477619,5,0.14834508665285806,0.18604385078697844,0.16617615644599462,0.015838875268940997,5,0.1465095952525106,0.18584271763947866,0.0694444477558136,0.9305555522441864,0.8656920525127048,0.1430803340943404,0.1462865140411602
1,Mamba,FGSM,Linf,0.0363886628571174,0.0,0.06180555634200572,0.03297697267869506,5,0.020859236597120842,0.1027518760868906,0.9381944436579943,0.032976972678695045,5,0.8972481239131095,0.9791407634028791,0.8248517786561266,0.03247485232487365,5,0.7845289236773471,0.8651746336349061,0.16719446871991825,0.015180743014477619,5,0.14834508665285806,0.18604385078697844,0.1671926935236764,0.016068708377049337,5,0.14724075683425897,0.18714463021309385,0.020833333954215,0.979166666045785,0.7801824534161491,0.1430803340943404,0.151222325472732
1,Mamba,FGSM,Linf,0.0727773257142349,0.0,0.00208333334885534,0.0031056499918885585,5,-0.0017728404370945024,0.005939507134805183,0.9979166666511446,0.0031056499918886158,5,0.9940604928651947,1.0017728404370945,0.8248517786561266,0.03247485232487365,5,0.7845289236773471,0.8651746336349061,0.16719446871991825,0.015180743014477619,5,0.14834508665285806,0.18604385078697844,0.1671926935236764,0.016068708377049337,5,0.14724075683425897,0.18714463021309385,0.0,1.0,0.7801824534161491,0.1430803340943404,0.151222325472732
1,Mamba,FGSM,Linf,0.1455546514284699,0.0,0.0,0.0,5,0.0,0.0,1.0,0.0,5,1.0,1.0,0.8248517786561266,0.03247485232487365,5,0.7845289236773471,0.8651746336349061,0.16719446871991825,0.015180743014477619,5,0.14834508665285806,0.18604385078697844,0.1671926935236764,0.016068708377049337,5,0.14724075683425897,0.18714463021309385,0.0,1.0,0.7801824534161491,0.1430803340943404,0.151222325472732
1,Mamba,FGSM,Linf,0.2911093028569398,0.0,0.0,0.0,5,0.0,0.0,1.0,0.0,5,1.0,1.0,0.8248517786561266,0.03247485232487365,5,0.7845289236773471,0.8651746336349061,0.16719446871991825,0.015180743014477619,5,0.14834508665285806,0.18604385078697844,0.1671926935236764,0.016068708377049337,5,0.14724075683425897,0.18714463021309385,0.0,1.0,0.7801824534161491,0.1430803340943404,0.151222325472732
1,Mamba,FGSM_LP,Linf,0.0363886628571174,1.0,0.6250000119209289,0.014104241901023834,5,0.6074872825304706,0.6425127413113872,0.37499998807907103,0.014104241901023832,5,0.3574872586886127,0.39251271746952937,0.9965485601355166,0.0006091944316037059,5,0.9957921453418881,0.9973049749291452,0.16719446871991825,0.015180743014477619,5,0.14834508665285806,0.18604385078697844,0.167277115049036,0.015193468194845957,5,0.1484119325836418,0.1861422975144302,0.6145833134651184,0.3854166865348816,0.9957474590626764,0.1430803340943404,0.1433227440312089
1,Mamba,FGSM_LP,Linf,0.0727773257142349,1.0,0.384027773141861,0.05833953479011089,5,0.31158967312102415,0.4564658731626978,0.615972226858139,0.05833953479011089,5,0.5435341268373022,0.6884103268789759,0.9965485601355166,0.0006091944316037059,5,0.9957921453418881,0.9973049749291452,0.16719446871991825,0.015180743014477619,5,0.14834508665285806,0.18604385078697844,0.167277115049036,0.015193468194845957,5,0.1484119325836418,0.1861422975144302,0.2986111044883728,0.7013888955116272,0.9957474590626764,0.1430803340943404,0.1433227440312089
1,Mamba,FGSM_LP,Linf,0.1455546514284699,1.0,0.0444444440305233,0.013084335011126652,5,0.028198096306770257,0.060690791754276344,0.9555555559694767,0.013084335011126632,5,0.9393092082457237,0.9718019036932297,0.9965485601355166,0.0006091944316037059,5,0.9957921453418881,0.9973049749291452,0.16719446871991825,0.015180743014477619,5,0.14834508665285806,0.18604385078697844,0.167277115049036,0.015193468194845957,5,0.1484119325836418,0.1861422975144302,0.0243055559694767,0.9756944440305232,0.9957474590626764,0.1430803340943404,0.1433227440312089
1,Mamba,FGSM_LP,Linf,0.2911093028569398,1.0,0.0,0.0,5,0.0,0.0,1.0,0.0,5,1.0,1.0,0.9965485601355166,0.0006091944316037059,5,0.9957921453418881,0.9973049749291452,0.16719446871991825,0.015180743014477619,5,0.14834508665285806,0.18604385078697844,0.167277115049036,0.015193468194845957,5,0.1484119325836418,0.1861422975144302,0.0,1.0,0.9957474590626764,0.1430803340943404,0.1433227440312089
1,Mamba,PGD,Linf,0.0363886628571174,0.0,0.0069444445427506605,0.0054900654599546895,5,0.00012762791334292034,0.0137612611721584,0.9930555554572493,0.0054900654599547025,5,0.9862387388278415,0.9998723720866571,0.821178006775833,0.02751834807192934,5,0.7870094646848783,0.8553465488667876,0.16719446871991825,0.015180743014477619,5,0.14834508665285806,0.18604385078697844,0.16832648193404465,0.01634956271691235,5,0.14802581852208002,0.18862714534600927,0.0,1.0,0.7827145680406551,0.1430803340943404,0.1522231613841702
1,Mamba,PGD,Linf,0.0727773257142349,0.0,0.0,0.0,5,0.0,0.0,1.0,0.0,5,1.0,1.0,0.821178006775833,0.02751834807192934,5,0.7870094646848783,0.8553465488667876,0.16719446871991825,0.015180743014477619,5,0.14834508665285806,0.18604385078697844,0.16832648193404465,0.01634956271691235,5,0.14802581852208002,0.18862714534600927,0.0,1.0,0.7827145680406551,0.1430803340943404,0.1522231613841702
1,Mamba,PGD,Linf,0.1455546514284699,0.0,0.0,0.0,5,0.0,0.0,1.0,0.0,5,1.0,1.0,0.821178006775833,0.02751834807192934,5,0.7870094646848783,0.8553465488667876,0.16719446871991825,0.015180743014477619,5,0.14834508665285806,0.18604385078697844,0.16832648193404465,0.01634956271691235,5,0.14802581852208002,0.18862714534600927,0.0,1.0,0.7827145680406551,0.1430803340943404,0.1522231613841702
1,Mamba,PGD,Linf,0.2911093028569398,0.0,0.0,0.0,5,0.0,0.0,1.0,0.0,5,1.0,1.0,0.821178006775833,0.02751834807192934,5,0.7870094646848783,0.8553465488667876,0.16719446871991825,0.015180743014477619,5,0.14834508665285806,0.18604385078697844,0.16832648193404465,0.01634956271691235,5,0.14802581852208002,0.18862714534600927,0.0,1.0,0.7827145680406551,0.1430803340943404,0.1522231613841702
1,Mamba,PGD_LP,Linf,0.0363886628571174,1.0,0.6611111164093018,0.013357905770541299,5,0.6445250857226222,0.6776971470959813,0.33888888359069824,0.013357905770541299,5,0.3223028529040188,0.3554749142773777,0.9968908808582722,0.0005128789077520425,5,0.9962540575830784,0.9975277041334659,0.16719446871991825,0.015180743014477619,5,0.14834508665285806,0.18604385078697844,0.16725172684648443,0.015168729049529334,5,0.1484172620871762,0.18608619160579265,0.6493055820465088,0.3506944179534912,0.9962150621118012,0.1430803340943404,0.1433627634162548
1,Mamba,PGD_LP,Linf,0.0727773257142349,1.0,0.5534722208976746,0.03281204515839776,5,0.5127306857170558,0.5942137560782933,0.44652777910232544,0.03281204515839776,5,0.40578624392170676,0.4872693142829441,0.9968908808582722,0.0005128789077520425,5,0.9962540575830784,0.9975277041334659,0.16719446871991825,0.015180743014477619,5,0.14834508665285806,0.18604385078697844,0.16725172684648443,0.015168729049529334,5,0.1484172620871762,0.18608619160579265,0.5034722089767456,0.4965277910232544,0.9962150621118012,0.1430803340943404,0.1433627634162548
1,Mamba,PGD_LP,Linf,0.1455546514284699,1.0,0.29930555522441865,0.0716406247446244,5,0.21035197067019262,0.3882591397786447,0.7006944447755814,0.0716406247446244,5,0.6117408602213554,0.7896480293298074,0.9968908808582722,0.0005128789077520425,5,0.9962540575830784,0.9975277041334659,0.16719446871991825,0.015180743014477619,5,0.14834508665285806,0.18604385078697844,0.16725172684648443,0.015168729049529334,5,0.1484172620871762,0.18608619160579265,0.1840277761220932,0.8159722238779068,0.9962150621118012,0.1430803340943404,0.1433627634162548
1,Mamba,PGD_LP,Linf,0.2911093028569398,1.0,0.04513888885267076,0.043437485599019325,5,-0.0087958731881261,0.09907365089346762,0.9548611111473292,0.043437485599019277,5,0.9009263491065324,1.008795873188126,0.9968908808582722,0.0005128789077520425,5,0.9962540575830784,0.9975277041334659,0.16719446871991825,0.015180743014477619,5,0.14834508665285806,0.18604385078697844,0.16725172684648443,0.015168729049529334,5,0.1484172620871762,0.18608619160579265,0.0034722222480922,0.9965277777519076,0.9962150621118012,0.1430803340943404,0.1433627634162548
